{
  "results": [
    {
      "command": "sysbench cpu run --threads=5",
      "mean": 10.019057058240001,
      "stddev": 0.0008103097230073722,
      "median": 10.019057058240001,
      "user": 48.131678519999994,
      "system": 0.46021626,
      "min": 10.01848408274,
      "max": 10.01963003374,
      "times": [
        10.01848408274,
        10.01963003374
      ],
      "exit_codes": [
        0,
        0
      ]
    }
  ]
}
